csv_file,keywords
iir-12.1.1.csv,"['Language Models', 'Language Model', 'Information Retrieval', 'Queries', 'Query', 'Relevant Document', 'Language Modeling Approach', 'Ir', 'Document', 'Document Ranking', 'Probabilistic Approach', 'Probabilistic Language Model', 'Query Likelihood Model', 'Generative Model', 'Language Theory', 'Finite Automaton', 'Probabilistic Finite Automaton', 'Probability Distribution', 'Document Model', 'Language Of The Automaton', 'Likelihood Ratio', 'Relevance', 'Finite Automata', 'Terms', 'String', 'Term Emission Probabilities']"
iir-4.6.csv,"['Nonpositional Indexes', 'Nonpositional Index', 'Termid', 'Docid', 'Docids', 'Indexes', 'Index', 'Ranked Retrieval Systems', 'Ranked Retrieval', 'Postings', 'Docid-Sorted Index', 'Documents', 'Document', 'Postings Lists', 'Postings List', 'Impact-Sorted Index', 'Inverted Index', 'Security', 'Access Control Lists', 'Acls', 'Acl', 'User-Document Matrix', 'Inverted Acl Index', 'Query Time', 'Positional Index', 'Positional Indexes', 'Tokens', 'Algorithms', 'Query Processing', 'Retrieval System', 'Retrieval Systems', 'User Authorization', 'Information Retrieval System', 'Access Permissions', 'Incremental Indexing', 'User Membership', 'Query', ""User'S Access List"", 'File System', 'Retrieval', 'Terms']"
iir-6.csv,"['Scoring', 'Term Weighting', 'Vector Space Model', 'Indexes', 'Index', 'Boolean Queries', 'Document', 'Documents', 'Query', 'Document Collections', 'Search Engine', 'Vector Space Scoring', 'Query Terms', 'Free Text Queries', 'Terms', 'Term', 'Metadata', 'Term-Weighting']"
iir-14.2.csv,"['Rocchio Classification', 'Decision Boundaries', 'Decision Boundary', 'Document', 'Documents', 'Vector Space Classification', 'Algorithms', 'Classification Accuracy', 'Centroids', 'Centroid', 'Normalized Vector', 'M-Dimensional Space', 'Normal Vector', 'Rocchio Algorithm', 'Pseudocode', 'Euclidean Distance', 'Cosine Similarity', 'K-Means Clustering', 'Rocchio Relevance Feedback', 'Relevant Documents', 'Rocchio Vector', 'Relevance Feedback', 'Rocchio Formula', 'Text Classification', 'Prototype', 'Multimodal Class', 'Two-Class Classification', 'Training Time', 'Naive Bayes', 'Knn', 'Vector Space Classification', 'Hyperplane', 'Hyperplanes', 'Hyperplane', 'Hyperplanes', 'Classification', 'Multimodality', 'False Positives', 'Class', 'Rocchio Classification Centroid', '2-Dimensional Planes', 'Class Regions', 'Query', 'Rocchio', 'Two-Class Classifiers', 'Time Complexity', 'Collection']"
iir-8.1.csv,"['Document Collection', 'Information Needs', 'Information Need', 'Queries', 'Query', 'Query-Document Pair', 'Relevance', 'Document', 'Documents', 'Binary Classification', 'Gold Standard', 'Ground Truth', 'Development Test Collections', 'Development Test Collection', 'Test Collection', 'Web Search Engine', 'Binary Relevance Judgments', 'Collection', 'Information Retrieval System Evaluation', 'Ad Hoc Information Retrieval Effectiveness', 'Test Document Collection']"
iir-8.7.csv,"['Documents', 'Document', 'Query', 'Snippet', 'Snippets', 'Relevance', 'Static Summary', 'Dynamic Summary', 'Dynamic Summaries', 'Metadata', 'Html Page', 'Text Summarization', 'Document Frequency', 'Collection', 'Nlp Approaches', 'Query Terms', 'Keyword-In-Context', 'Nlp Techniques', 'Ir Systems', 'Ir System', 'Ir System Design', 'Kwic', 'Terms', 'Index', 'Indexer', 'Ranking', 'Zones', 'Zone', 'Keyword-In-Context Snippets', 'Scoring', 'Positional Index', 'Caching', 'Cache', 'Crawler', 'Results Snippets', 'Information Need', 'Natural Language Processing', 'Query-Independent Information Value', 'Static Summarization', 'Search Engine', 'Disk Drives', 'Information Security', 'Kwic Snippet', 'Document Summary']"
iir-16.4.1.csv,"['Cluster Cardinality', 'K-Means', 'Rss', 'Distortion', 'Model Complexity', 'Clustering', 'Clusterings', 'Clusters', 'Akaike Information Criterion', 'Aic', 'Negative Maximum Log-Likelihood', 'Vector Space', 'Text Clustering', 'Information Retrieval', 'Heuristic Method', 'Documents', 'Hard Assignment', 'Covariance Matrices', 'Data Sets', 'Cluster Cardinality In K-Means', 'Flat Clustering Algorithms', 'Objective Function', 'Centroids', 'Gaussian Mixture']"
iir-13.2.csv,"['Multinomial Naive Bayes', 'Multinomial Nb Model', 'Probabilistic Learning Method', 'Term', 'Terms', 'Document', 'Documents', 'Class', 'Prior Probability', 'Tokens', 'Vocabulary', 'Classification', 'Stop Words', 'Text Classification', 'Nb Classification', 'Maximum A Posteriori Class', 'Training Set', 'Maximum Likelihood Estimate', 'Training Data', 'Conditional Probability', 'Conditional Probabilities', 'Conditional Probability', 'Conditional Probabilities', 'Positional Independence Assumption', 'Mle Estimate', 'Sparseness', 'Laplace Smoothing', 'Add-One Smoothing', 'Uniform Prior', 'Nb', 'Time Complexity', 'Training Collection', 'Test Document', 'Test Documents', 'Text Classification Method', 'Multinomial Unigram Language Model', 'Language Modeling', 'Naive Bayes Text Classification', 'Maximum A Posteriori', 'Term Weights', 'Supervised Learning Method', 'Multinomial Naive Bayes Model', 'Training Documents', 'Nb Classifier', 'Query', 'Add-1/2 Smoothing']"
iir-12.1.2.csv,"['Language Models', 'Language Model', 'Chain Rule', 'Unigram Language Model', 'Unigram Language Models', 'Bigram Language Models', 'Grammar-Based Language Models', 'Speech  Recognition', 'Spelling Correction', 'Machine Translation', 'Ir', 'Unigram Models', 'Ir Language Models', 'Document', 'Training Data', 'Bias-Variance Tradeoff', 'Higher-Order Models', 'Terms', 'Term', 'Probabilistic Context-Free Grammars', 'Data Sparseness', 'Proximity Queries', 'Model Of Van Rijsbergen']"
iir-8.3.csv,"['Unranked Retrieval Sets', 'Information Retrieval Effectiveness', 'Precision', 'Recall', 'Ir System', 'Document', 'Documents', 'Query', 'Queries', 'Accuracy', 'Classifications', 'Information Retrieval System', 'Two-Class Classifier', 'Machine Learning Classification Problems', 'Information Retrieval Problems', 'True Positives', 'False Positive', 'False Positives', 'Hard Disks', 'F Measure', 'Arithmetic Mean', 'Geometric Mean', 'Ranked Retrieval', 'Balanced F Measure']"
iir-13.5.csv,"['Feature Selection', 'Terms', 'Term', 'Training Set', 'Text Classification', 'Nb', 'Classification Accuracy', 'Noise Features', 'Noise Feature', 'Documents', 'Document', 'Documents', 'Document', 'Overfitting', 'Statistical Text Classification', 'Bias-Variance Tradeoff', 'Feature Selection Algorithm', 'Vocabulary', 'Classification', 'Nb Models', 'Bernoulli Model', 'Bernoulli Nb Classifier', 'Two-Class Classification', 'Mutual Information', 'Mi', 'Mles', 'Mle', 'Reuters-Rcv1', 'Mi Feature Selection', 'Parameter Estimation', 'Statistical Significance', 'Yates Correction', 'Statistical Dependence Of Variables', 'Statistical Independence Of Variables', 'Frequency-Based Feature Selection', 'Multinomial Model', 'Suboptimal Accuracy', 'Classifiers', 'Classifier', 'Feature Selection Statistics', 'Text Classification Problems', 'Greedy Feature Selection', 'Text Clasification', 'Document Frequency', 'Accuracy', 'Learning Method', 'Class', 'Classification Decision', 'Collection', 'F1', 'Effectiveness', 'Χ2 Feature Selection', 'Independence', 'Observed Frequency', 'Expected Frequency', 'Degree Of Freedom', 'Collection Frequency', 'Feature', 'Features', 'Feature Selection Methods', 'Confidence', 'Significance', 'Greedy Methods', 'Non-Greedy Methods']"
iir-15.csv,"['Support Vector Machines', 'Machine Learning', 'Classifier Effectiveness', 'Classifiers', 'Boosted Decision Trees', 'Regularized Logistic Regression', 'Neural Networks', 'Random Forests', 'Information Retrieval Problems', 'Text Classification', 'Vector Space Based Machine Learning Method', 'Decision Boundary', 'Training Data', 'Svms', 'Svm', 'Non-Separable Data', 'Multi-Class Problems', 'Domain-Specific Text Features', 'Machine Learning Technology', 'Ad Hoc Retrieval', 'Machine Learning Methods', 'Large-Margin Classifier', 'Vector Space', 'Two-Class Data Sets', 'Linear Classifier', 'Documents', 'Classes', 'Outliers', 'Noise', 'Non-Linear Models', 'Text Classifiers']"
iir-14.5.csv,"['Two-Class Linear Classifiers', 'Classes', 'Class', 'Multivalue Classification', 'Document', 'Documents', 'Classification Problem', 'Linear Classifiers', 'Classifier', 'Classifiers', 'Training Set', 'Test Document', 'One-Of Classification', 'Single-Label Classification', 'Classification Function', 'Knn', '(Nonlinear) One-Of Classifier', 'One-Of Problems', 'Text Classification', 'Classifierâ\x80\x99S Effectiveness', 'Two-Class Linear Classifiers', 'Confusion Matrix', 'Classification', 'Algorithm', 'Accuracy', 'Any-Of Classification', 'Multilabel Classification', 'Multinomial Classification', 'Polytomous Classification', 'Multiclass Classification', 'Any-Of Problems', 'Topics', 'One-Of Assumption', 'Any-Of Classifiers', 'Hyperplanes', 'Linear Separators', 'Confidence']"
iir-16.1.csv,"['Information Retrieval', 'Cluster Hypothesis', 'Documents', 'Document', 'Relevance', 'Information Needs', 'Cluster', 'Clusters', 'Clustering', 'Collection', 'Information Retrieval System', 'Search Result Clustering', 'Query', 'Term', 'Terms', 'Scatter-Gather', 'Hierarchical Tree', 'Keyword Searching', 'Static Hierarchical Clustering', 'User-Mediated Iterative Clustering', 'Inverted Index', 'Language Modeling', 'Language Modeling Approach', 'Ir', 'Latent Semantic Indexing', 'Search Engine', 'User Interface', 'Clustering In Information Retrieval', 'Contiguity Hypothesis', 'Effectiveness Of The Search System', 'Efficiency Of The Search System', 'Search Term', 'Open Directory', 'Cluster-Based Navigation', 'Recall', 'Sparse Data Problems', 'Vector Space Model', 'Nearest Neighbors', 'Nearest-Neighbor Search']"
iir-8.4.csv,"['Ranked Retrieval Results', 'Precision', 'Recall', 'F Measure', 'Documents', 'Document', 'Search Engines', 'Retrieved Documents', 'Top K Retrieved Documents', 'Precision-Recall Curve', 'Precision-Recall Curves', 'Interpolated Precision', '11-Point Interpolated Average Precision', 'Information Need', 'Information Needs', 'Trec', 'Mean Average Precision', 'Map', 'Average Precision', 'Relevant Documents', 'Relevant Document', 'Test Collection', 'Arithmetic Mean', 'Queries', 'Query', 'Precision At K', 'R-Precision', 'Top Rel Documents', 'Break-Even Point', 'F-Measure', 'Roc Curve', 'Receiver Operating Characteristics', 'Sensitivity', 'Specificity', 'Cumulative Gain', 'Normalized Discounted Cumulative Gain', 'Ndcg', 'Top K Documents', 'Trec Ad Hoc Evaluations', 'Map Scores', 'Non-Binary Notions Of Relevance', 'Normalization Factor', 'Set-Based Measures', 'Ranked Retrieval Context', 'Trec 8', 'Web Search', 'Roc', 'Machine Learning Approaches', 'Ranking', 'Relevance']"
iir-4.5.csv,"['Dynamic Indexing', 'Document Collection', 'Collections', 'Collection', 'Documents', 'Document', 'Terms', 'Dictionary', 'Postings Lists', 'Postings List', 'Index', 'Indexes', 'Auxiliary Index', 'Memory', 'Invalidation Bit Vector', 'Merging Operation', 'Vocabulary', 'Posting', 'Postings', 'Time Complexity', 'Docids', 'Logarithmic Merging', 'In-Memory Auxiliary Index', 'Binomial Heap Data Structure', 'Inverted Indexes', 'Inverted Index', 'Index Maintenance', 'Query Processing', 'Search Engines', 'Query', 'Querying', 'Main Index', 'Disk Seek', 'Disk Seeks', 'One-File-Per-Postings-List Scheme', 'File System', 'File Systems', 'Auxiliary Index Scheme', 'Spelling Correction Algorithm', 'Ir System', 'Reconstruction-From-Scratch Strategy', 'Searches', 'Disk', 'Index Construction', 'Search System']"
iir-14.3.csv,"['K Nearest Neighbor', 'K Nearest Neighbors', 'Knn Classification', '1Nn', 'Knn', 'Document', 'Documents', 'Test Document', 'Training Documents', 'Training Document', 'Decision Boundaries', 'Decision Boundary', 'Voronoi Tessellation', 'Voronoi Cells', 'Convex Polygon', 'Convex Polygons', 'Convex Region', 'Knn Classification Algorithm', 'Training Set', 'Cosine Similarity', 'K Nearest Neighbor Classification', 'Contiguity Hypothesis', '2-Dimensional Space', 'Classification', 'Knn Algorithm', 'Rocchio', 'Class', 'Probability Estimates', 'Classification Problem']"
iir-15.2.csv,"['Soft Margin Classification', 'High Dimensional Problems', 'Text Classification', 'Training Set', 'Decision Margin', 'Slack Variables', 'Svm Optimization Problem', 'Optimization Problem', 'Margin', 'Soft-Margin Svms', 'Regularization', 'Geometric Margin', 'Dual Problem', 'Lagrange Multipliers', 'Support Vectors', 'Training Data', 'Svms', 'Svm', 'Complexity Of Training', 'Complexity Of Testing', 'Linear Svms', 'Linear Svm', 'Linear Svms', 'Linear Svm', 'Qp', 'Qps', 'Training Data Sets', 'Training Data Set', 'Training Algorithm', 'Naive Bayes Model', 'Nonlinear Svms', 'Training Complexity', 'Multiclass Svms', 'Two-Class Classifiers', 'Two-Class Classifier', 'Ova Classification', 'One-Versus-All Classification', 'One-Versus-One Classifiers', 'Structural Svms', 'Linear Classifier', 'Linear Classifiers', 'Higher Dimensional Space', 'Quadratic Function', 'Higher-Dimensional Feature Space', 'Kernel Trick', 'Dot Product', 'Dot Products', 'Kernel Function', 'Kernel Functions', 'Mercer Kernels', ""Mercer'S Condition"", 'Reproducing Kernel Hilbert Space', 'Hilbert Space', 'Vector Space', 'Polynomial Kernels', 'Polynomial Kernel', 'Radial Basis Functions', 'Radial Basis Function', 'Quadratic Kernel', 'Gaussian Distribution', 'Machine Learning', 'Topic Classification', 'Mi Feature Selection', 'Naive Bayes', 'Svm Model', 'Noise Documents', 'Classification', 'Svm Algorithms', 'One-Versus-Rest Classifiers', 'One-Versus-All Classifiers', 'Classifiers', 'Feature Vector', 'K Means', 'Linear Kernel', 'Text Classifier', 'Machine Learning Methods', 'Outliers', 'Training Errors', 'Term', 'Terms', 'Overfitting', 'Features', 'Quadratic Optimization', 'Higher-Order Features', 'Multiclass Classification', 'Multiclass Problems', 'Svm Linear Classifier', 'Gram Matrix', 'String Kernels', 'Feature Conjunctions', 'Cubic Kernel']"
iir-11.csv,"['Probabilistic Information Retrieval', 'Relevance Feedback', 'Relevant Documents', 'Relevant Document', 'Nonrelevant Documents', 'Classifier', 'Documents', 'Document', 'Ir', 'Probabilistic Approach', 'Retrieval Model', 'Term Weights', 'Information Needs', 'Information Need', 'Query Representations', 'Document Representations', 'Boolean Model Of Ir', 'Vector Model Of Ir', 'Index Terms', 'Query', 'Ir System', 'Probability Theory', 'Probability Ranking Principle', 'Binary Independence Model', 'Okapi Bm25 Weighting Scheme', 'Bayesian Network Models', 'Term', 'Non-Positional Index', 'Vector Space Models', 'Boolean Models', 'Probabilistic Retrieval Model', 'Probabilistic Language Modeling']"
iir-4.3.csv,"['Single-Pass In-Memory Indexing', 'Blocked Sort-Based Indexing', 'Scaling Properties', 'Data Structure', 'Data Structures', 'Spimi', 'Terms', 'Term', 'Termids', 'Termid', 'Dictionary', 'Collections', 'Collection', 'Spimi Algorithm', 'Documents', 'Document', 'Term-Docid Pairs', 'Tokens', 'Token', 'Spimi-Invert', 'Token Stream', 'Postings List', 'Postings Lists', 'Bsbi', 'Termid-Docid Pairs', 'Postings', 'Posting', 'Memory', 'Dynamically Constructed Index', 'Dictionary Terms', 'Time Complexity', 'Hash', 'Inverted Index', 'Disk', 'Block', 'Disk Space', 'Algorithm', 'Index Construction']"
iir-15.4.csv,"['Machine Learning Methods', 'Ad Hoc Information Retrieval', 'Term', 'Document', 'Documents', 'Weighting Functions', 'Cosine Score', 'Learning Problem', 'Relevant Documents', 'Nonrelevant Documents', 'Classification Approach', 'Two-Class Classifier', 'Machine-Learned Scoring', 'Machine Learning', 'Machine-Learned Relevance', 'Boolean Functions', 'Query Term', 'Query Terms', 'Linear Combination', 'Vector Space Cosine Similarity', 'Query', 'Queries', 'Bag Of Words', 'Training Examples', 'Features', 'Coefficients', 'Training Data', 'Thresholding', 'Linear Classifier', 'Query/Document Pair', 'Binary Relevant/Nonrelevant Judgment', 'Training Document Collection', 'Training Document Collections', 'Training Document Collection', 'Training Document Collections', 'Relevance Judgments', 'Svm', 'Ir', 'Classification Problems', 'Classification Problem', 'Regression Problems', 'Regression', 'Ordinal Regression', 'Ranking Svm', 'Training Query', 'Ir Evaluations', 'Linear Weighting Of Document Features', 'Ir Weighting', 'Idf', 'Machine Learning Approaches', 'Document Collection', 'Document Weighting Functions', 'Classifier', 'Text Classification', 'Proximity Weighting', 'Binary Relevance Judgments', 'Probability Of Relevance', 'Nonlinear Scaling', 'Relevance', 'Confidence', 'Relevance Decision', 'Boolean Indicators Of Relevance', 'Document Zones', 'Training Set', 'Error Minimization Problem', 'Pagerank-Style Measures', 'Decision Boundary', 'Ir Result Ranking', 'Document/Query Pair', 'Log-Weighting Of Term Frequency', 'Log-Weighting Of Idf']"
iir-5.3.csv,"['Postings File Compression', 'Reuters-Rcv1', 'Documents', 'Document', 'Tokens', 'Token', 'Postings', 'Posting', 'Docid', 'Docids', 'Postings List', 'Postings Lists', 'Document Identifiers', 'Collection', 'Bytes', 'Byte', 'Uncompressed Postings File', 'Mb', 'Postings File', 'Bits', 'Bit', 'Term', 'Terms', 'Variable Encoding Method', 'Bytewise Compression', 'Bitwise Compression', 'Continuation Bit', 'Vb Encoding', 'Vb-Encoded Postings List', 'Vb Compression', 'Compressed Index', 'Nibble', 'Nibbles', 'Ir Systems', 'Ir System', 'Bit-Level Codes', 'Bit-Level Code', 'Unary Code', 'Γ Encoding', 'Entropy', 'Universal Code', 'Prefix Free', 'Parameter Free', 'Dynamic Indexing', 'Inverted Index', 'Vocabulary', 'Compression Techniques', 'Term Incidence Matrix', 'Bit-Level Operations', 'Query Processing', 'Variable Byte Codes', 'Variable Byte Code', 'Disk Space', 'Index Compression', 'Cache', 'Memory', 'Gaps', 'Gap', 'Variable Byte Encoding', 'Decoding', 'Pseudocode', 'Uncompressed Index', 'Bit Manipulation', 'Compression Ratios', 'Compression Ratio', 'Bit-Level Encodings', 'Γ Codes', 'Γ Code', 'Vb Code', 'Vb Codes', 'Optimal Encoding Length', 'Parameter-Free Code', 'Term Distribution Model', 'Collection Frequency', 'Compressed Inverted Index', 'Zipf Model', 'Case Folding', 'Encoded Gap', '32-Bit Words', '16-Bit Words', '4-Bit Words', 'Encodings', 'Variable-Length Encoding', 'Offset', 'Length', 'Index', 'Indexes', ""Zipf'S Law"", 'Harmonic Number', 'Γ Compression', 'Term Frequencies', 'Gb', 'Shifts', 'Masks', 'Query', 'Space Efficiency']"
iir-11.1.csv,"['Probability Theory', 'Random Variable', 'Joint Probability', 'Conditional Probability', 'Conditional Probabilities', 'Conditional Probability', 'Conditional Probabilities', 'Partition Rule', 'Chain Rule', ""Bayes' Rule"", 'Prior Probability', 'Posterior Probability', 'Likelihood', 'Odds', 'Probability', 'Subset']"
iir-8.6.csv,"['System Quality', 'User Utility', 'Search Engine', 'Search Engines', 'Index', 'Query', 'Queries', 'Document Collection', 'Documents', 'Collection', 'Ir System', 'A/B Test', 'A/B Testing', 'A/B Tests', 'Ranking Algorithm', 'Clickstream Mining', 'Multiple Linear Regression', 'Information Retrieval System', 'Web Search Engine', 'Web Search Engines', 'Intranet Search Engine', 'Information Security', 'Clickthrough Log Analysis', 'Implicit Feedback', 'Multivariate Statistical Analysis', 'Information Need', 'Relevance']"
iir-16.5.csv,"['Model-Based Clustering', 'K-Means', 'Em Algorithm', 'Centroids', 'Centroid', 'Noise', 'Rss', 'Maximum Likelihood Criterion', 'Language Modeling', 'Text Classification', 'Document-Cluster Pair', 'Soft Clustering', 'Hierarchical Algorithms', 'Expectation Maximization Algorithm', 'Em Clustering', 'Multivariate Bernoulli Distributions', 'Terms', 'Term', 'Document', 'Documents', 'Multivariate Bernoulli', 'Em', 'Expectation Step', 'Maximization Step', 'Classification', 'Bernoulli Naive Bayes Classification', 'Hard K-Means Clustering', 'Clusters', 'Clustering', 'Clusterings', 'Cluster', 'Clustering Model', 'Bernoulli', 'Document Clustering', 'Algorithm', 'Soft Assignment', 'Local Optima', 'Maximum Likelihood', 'Log-Likelihood', 'Objective Function', 'Hard Clustering', 'Gaussian With Non-Spherical Variance', 'Expectation-Maximization Algorithm', 'Probabilistic Modeling', 'Maximum Likelihood Estimates', 'Normalization', 'Probability Distribution']"
iir-2.2.csv,"['Vocabulary', 'Terms', 'Term', 'Tokenization', 'Tokens', 'Tokenizer', 'Token', 'Type', 'Ir Systems', 'Ir System', 'Document', 'Documents', 'Normalization Processes', 'Query', 'Queries', 'Language Identification', 'Database', 'Hyphenation', 'Hyphen', 'Hyphens', 'Document Metadata', 'Phrase Queries', 'Phrase Query', 'Boolean Retrieval Systems', 'Retrieval Systems', 'Compounds', 'Compound-Splitter', 'Word Segmentation', 'Hidden Markov Models', 'Conditional Random Fields', 'Segmentations', 'Word-Based Indexing', 'Stop Words', 'Collection Frequency', 'Stop List', 'Stop Lists', 'Document Rankings', 'Postings Lists', 'Postings List', 'Normalization', 'Normalizations', 'Token Normalization', 'Equivalence Classes', 'Equivalence Class', 'Equivalence Classing', 'Query Expansion', 'Case-Folding', 'Truecasing', 'Document Collections', 'Document Collection', 'Language Identification Classifier', 'Stemming', 'Lemmatization', 'Lemmatizer', 'Lemma', 'Porterâ\x80\x99S Algorithm', 'Lovins Stemmer', 'Recall', 'Precision', 'Type/Token Distinction', 'Token Distinction', 'Ir', 'Dictionary', 'Index', 'Indexing', 'Semantic Identifiers', 'Tokenization Phase', 'Boolean', 'Boolean Query', 'Boolean Queries', 'Free Text Queries', 'Linguistic Processing', 'Character K-Grams', 'Postings', 'Phrase Search', 'Phrase Searches', 'Unnormalized Tokens', 'Soundex Algorithm', 'One-Pass Lovins Stemmer', 'Paice/Husk Stemmer', 'Natural Language Processing', 'Morphological Analysis', 'Features', 'Document Unit', 'Index Terms', 'Classifiers', 'Classification Problem', 'Search', 'Phrase Index', 'Indexing Retrieval Systems', 'Compound-Splitter Module', 'Machine Learning Sequence Models', 'Machine Learning Sequence Model', 'Keyword Searches', 'Web Search Engines', 'Web Search Engine', 'Compression Techniques', 'Impact-Sorted Indexes', 'Token List', 'Query Expansion List', 'Query Term', 'Query Expansion Dictionary', 'Non-Ascii Text', 'Retrieval', 'Phonetic Equivalents', 'Stemmers', 'Stemmer', 'Linguistic Morphology']"
iir-3.2.csv,"['Wildcard Queries', 'Wildcard Query', 'Documents', 'Document', 'Term', 'Terms', 'Stemming', 'Search Engine', 'Search Engines', 'Trailing Wildcard Query', 'Trailing Wildcard Queries', 'Search Tree', 'Dictionary', 'Reverse B-Tree', 'Leading Wildcard Queries', 'Leading Wildcard Query', 'B-Tree', 'B-Trees', 'Vocabulary', 'Inverted Index', 'Boolean Query', 'Vocabulary Terms', 'Permuterm Indexes', 'Permuterm Index', 'Permuterm Vocabulary', 'Index', 'Rotated Wildcard Query', 'Document Retrieval', 'K-Gram Indexes', 'K-Gram Index', 'Postings List', 'K-Gram', 'K-Grams', 'Post-Filtering', 'Boolean Operators', 'Search Interface', 'Query', 'Queries', 'Search String', 'Tree', 'Superset', 'Permuterm B-Tree', 'Retrieval', 'Single-Term Queries', 'Query Term', 'Root-To-Leaf Path', 'Path', 'Dictionary Terms', '3-Grams', 'String-Matching Operation', 'Boolean Combinations']"
iir-8.2.csv,"['Test Collections', 'Test Collection', 'Ad Hoc Information Retrieval System Evaluation', 'Text Classification', 'Cranfield', 'Cranfield Collection', 'Information Retrieval Effectiveness', 'Text Retrieval Conference', 'Trec Ad Hoc Track', 'Trec Evaluations', 'Trec Evaluation', 'Information Needs', 'Information Need', 'Test Document Collections', 'Documents', 'Document Collections', 'Document Collection', 'Gov2 Web Page Collection', 'Web Collection', 'Gov2', 'Nii Test Collections For Ir Systems', 'Cross-Language Information Retrieval', 'Cross Language Evaluation Forum', 'Clef', 'Reuters-21578', 'Reuters-Rcv1', '20 Newsgroups', 'Text Classification Collection', 'Queries', '(Query, Document) Pairs', 'Ir Test Bed Evaluation', 'Topics', 'Trecs', 'Trec', 'Ntcir', 'Trec Collections', 'Nist Test Document Collections', 'Reuters']"
iir-1.csv,"['Information Retrieval', 'Documents', 'Document', 'Collections', 'Collection', 'Database-Style Searching', 'Unstructured Data', 'Structured Data', 'Relational Database', 'Latent Linguistic Structure', 'Clustering', 'Web Search', 'Indexing', 'Personal Information Retrieval', 'Text Classification', 'Term-Document Matrix', 'Boolean Retrieval Model', 'Boolean Queries', 'Classification', 'Information Retrieval Systems', 'Centralized File Systems', 'Inverted Index', 'Search', 'Retrieved Documents', 'Rankings', 'Terms', 'Personal Search', 'Semistructured Search']"
iir-16.2.csv,"['Hard Flat Clustering', 'Objective Function', 'K-Means Clustering', 'Documents', 'Document', 'Centroids', 'Similarity Measures', 'Distance Metrics', 'Topic Similarity', 'Vector Space Model', 'Cosine Similarity', 'Euclidean Distance', 'Vector Space', 'Stop Words', 'Hard Clustering', 'Partitional Clustering', 'Partitional Hierarchical Clustering', 'Soft Clustering', 'Exhaustive Clusterings', 'Non-Exhaustive Clusterings', 'Cardinality Of A Clustering', 'K-Means', 'Clusters', 'Cluster', 'Clustering', 'Set Of Documents', 'Cardinality', 'Distance Between Documents', 'Heuristic Method']"
iir-16.csv,"['Flat Clustering', 'Cluster', 'Clusters', 'Clustering', 'Clustering Algorithms', 'Clustering Algorithm', 'Documents', 'Document', 'Unsupervised Learning', 'Cluster Membership', 'Classification', 'Supervised Learning', 'Distance Measure', 'Document Clustering', 'Euclidean Distance', 'Hierarchical Clustering', 'Hard Clustering', 'Soft Clustering Algorithms', 'Latent Semantic Indexing', 'Dimensionality Reduction', 'Information Retrieval', 'K-Means', 'Hard Clustering Algorithm', 'Expectation-Maximization Algorithm', 'Em Algorithm', 'Classes', 'Hard Assignment', 'Subsets', 'Supervision', '2D Plane', 'Soft Clustering']"
iir-12.4.csv,"['Language Modeling Approaches', 'Language Modeling Approach', 'Ir', 'Language Model', 'Language Models', 'Language Modeling', 'Query', 'Queries', 'Document Likelihood Model', 'Relevance Feedback', 'Terms', 'Term', 'Bim Model', 'Pseudo-Relevance Feedback', 'Kullback-Leibler Divergence', 'Kl Divergence', 'Probability Distribution', 'Query-Likelihood Approaches', 'Query-Likelihood Approach', 'Document-Likelihood Approaches', 'Ranking Function', 'Ad Hoc Retrieval', 'Topic Tracking', 'Normalized Log-Likelihood Ratio', 'Synonymy', 'Documents', 'Document', 'Translation Model', 'Translation Models', 'Cross-Language Ir', 'Conditional Probability Distribution', 'Translation Query Generation Model', 'Document Language Model', 'Bilingual Dictionary', 'Document Collection', 'Query Likelihood Lm', 'Query Language Model', 'Relevant Documents', 'Information Theory', 'Query-Likelihood', 'Document-Likelihood', 'Log-Likelihood Ratio', 'Vocabulary Terms', 'Relevance Feedback Models', 'Document Retrieval', 'Cross-Entropies', 'Lms', 'Translation Dictionary', 'Hypertext']"
iir-8.5.1.csv,"['Relevance', 'System Evaluation', 'Relevant Documents', 'Nonrelevant Documents', 'Ir System', 'Ir Systems', 'Machine Learning Methods', 'Ir Evaluation', 'Ir', 'Trec', 'Scoring', 'Parameter Weights', 'Document', 'Documents', 'Collection', 'Retrieval Systems', 'Information Need', 'Information Needs', 'Queries', 'Inex', 'Ntcir', 'Marginal Relevance', 'Test Collection', 'Relevance-Based Assessment', 'World Wide Web', 'Retrieval Effectiveness', 'Effectiveness', 'Document Length Normalization Methods', 'Inex Evaluations']"
iir-12.2.2.csv,"['Query Generation Probability', 'Lm', 'Lms', 'Query', 'Queries', 'Maximum Likelihood Estimation', 'Language Model', 'Language Models', 'Language Model', 'Language Models', 'Document', 'Documents', 'Term Frequency', 'Term', 'Terms', 'Tokens', 'Speech Recognition', 'Training Data', 'Ir', 'Vector Space Systems', 'Conjunctive Semantics', 'Smoothing', 'Unsmoothed Model', 'Document Language Model', 'Document Language Models', 'Probability Distribution', 'Collection', 'Multinomial Distribution', 'Document Collection', 'Linear Interpolation Language Model', 'Bayesian Updating Process', 'Smoothing Methods', 'Mle', 'Line Search', 'Expectation Maximimization Algorithm', 'Language Model Of Document', 'Zero Probabilities', 'Speech Recognition Application', 'Ir Application', 'Human-Computer Interface', 'Web Search', 'Term Weighting', 'Linear Interpolation Smoothing', 'Unigram', 'Prior Distribution', 'Uniform Distribution', 'Retrieval Ranking']"
iir-1.3.csv,"['Boolean Retrieval Model', 'Simple Conjunctive Query', 'Dictionary', 'Intersection', 'Postings Lists', 'Postings List', 'Documents', 'Merge Algorithm', 'Docid', 'Query Optimization', 'Query Processing', 'Terms', 'Term', 'Binary Searches', 'Queries', 'Query', 'Querying', 'Boolean Query', 'Boolean Queries', 'Inverted Index', 'Conjunctive Query', 'Postings Merge', 'Posting', 'Postings', 'Document Frequency', 'Pointers', 'Pointer', 'Indexing', 'Collection', 'Merging', 'Document Collection']"
iir-3.1.csv,"['Dictionaries', 'Dictionary', 'Tolerant Retrieval', 'Inverted Indexes', 'Inverted Index', 'Proximity Queries', 'Proximity Query', 'Data Structures', 'Data Structure', 'Terms', 'Term', 'Vocabulary', 'Wildcard Query', 'Documents', 'Document', 'Query Term', 'Query Terms', 'Standard Inverted Index', 'Postings List', 'Collection', 'Postings', 'Hashing', 'Search Trees', 'Search Tree', 'Keys', 'Key', 'Search Engines', 'Search Engine', 'Pointer', 'Pointers', 'Binary Tree', 'Binary Search Tree', 'Efficient Search', 'B-Tree', 'B-Trees', 'Document Collection', 'Query', 'Queries', 'Vocabulary Term', 'Vocabulary Terms', 'Hash Function', 'Balance Property', 'Binary Test', 'Search', 'Vocabulary Lookup Operation', 'Hash Collisions', 'Node', 'Children', 'Root', 'Sub-Trees', 'Tree', 'Rebalancing', 'Branch', 'Disk Blocks']"
iir-16.3.csv,"['Evaluation Of Clustering', 'Objective Functions', 'Intra-Cluster Similarity', 'Intercluster Similarity', 'Internal Criterion', 'Clusters', 'Cluster', 'Clustering', 'Clusters', 'Cluster', 'Clustering Algorithms', 'External Criterion', 'Purity', 'Normalized Mutual Information', 'Rand Index', 'False Positive', 'False Negative', 'F Measure', 'Nmi', 'Maximum Mutual Information', 'Mi', 'True Positive', 'True Negative', 'Ri', 'Documents', 'Document', 'Documents', 'Document', 'Effectiveness', 'Gold Standard', 'External Criterion Of Quality', 'External Criteria Of Clustering Quality', 'One-Document Clusters', 'Evaluation Benchmark', 'Classes', 'Mutual Information', 'Maximum Likelihood Estimates Of The Probabilities', 'Class Membership', 'Accuracy', 'Tp', 'Fp', 'Fn', 'Tn', 'Recall', 'Information Retrieval']"
iir-14.6.csv,"['Bias-Variance Tradeoff', 'Nonlinear Classifiers', 'Nonlinear Classifier', 'Linear Classifiers', 'Linear Classifier', 'Classification Error', 'Text Classification', 'Machine Learning', 'Text Classification Problem', 'Text Classification Problems', 'Knn', 'Linear Models', 'Linear Model', 'Nonlinear Models', 'Quadratic Polynomial', 'Complexity Of Learning', 'Feature Selection', 'Regularization', 'Margin Maximization', 'Training Documents', 'Test Documents', 'Document', 'Documents', 'Document Representation', 'Bag Of Words Model', 'Mean Squared Error', 'Optimal Classifier', 'Mse', 'Classifiers', 'Classifier', 'Learning Methods', 'Learning Method', 'Learning Error', 'Statistical Text Classification', 'Optimal Learning Method', 'Bias', 'Conditional Probability', 'Training Sets', 'Training Set', 'Linear Methods', 'Rocchio', 'Naive Bayes', 'Nonlinear Class Boundary', 'Nonlinear Method', 'Nonlinear Methods', 'Variance', 'Linear Learning Methods', 'Overfitting', 'Model Complexity', 'Rocchio Classifier', 'One-Feature Classifier', 'Misclassifications', 'Text Classification Algorithms', 'Linear Svms', 'Regularized Logistic Regression', 'Regularized Linear Regression', 'Likelihood Of Linear Separability', 'High-Dimensional Spaces', 'Nonlinear Learning Methods', 'Nonlinear Learning Method', 'Training Data', 'Generative Models', 'Test Set', 'Linear Hyperplane', 'Decision Boundaries', 'Memory Capacity', 'Centroid', 'Centroids', 'Fit-Training-Set-Perfectly Classifier', 'Svms', 'Effectiveness', 'Class', 'Positive And Negative Errors', 'Non-Linear Problems', 'Class Boundary', 'Class Boundaries', 'Noise Documents', 'Linear Separability', 'Linearity', 'Hyperplane']"
iir-12.2.3.csv,"['Ponte And Croftâ\x80\x99S Experiments', 'Language Modeling Approach', 'Information Retrieval', 'Language Model', 'Language Modelling', 'Language Model', 'Multinomials', 'Multivariate Bernoulli Model', 'Lm Approach', 'Ir', 'Text Classification', 'Effectiveness', 'Term Weights', 'Tf-Idf Weights', 'Trec Topics', 'Trec Disks', 'Queries', 'Tf-Idf Based Term Weighting Approach', 'Ponte And Croftâ\x80\x99S Multivariate Bernoulli Model', 'Natural Language Queries', 'Tf-Idf', 'Term Weighting Approach']"
iir-14.4.csv,"['Nonlinear Classifiers', 'Nonlinear Classifier', 'Linear Classifiers', 'Linear Classifier', 'Naive Bayes', 'Rocchio', 'Text Classifiers', 'Two-Class Classifier', 'Two-Class Classifiers', 'Two-Dimensional Vector Representation', 'Document', 'Documents', '2D Linear Classifier', 'Decision Hyperplane', 'Decision Hyperplanes', 'Algorithm', 'M-Dimensional Vectors', 'Linear Problem', 'Class Boundary', 'Text Classification', 'Noise Documents', 'Noise Document', 'Noise Feature', 'Document Representation', 'Classification Error', 'Training Set', 'Classifier', 'Linear Separability', 'Linear Separators', 'Linearly Separable Problem', 'Nonlinear Problem', 'Linear Classification', 'Decision Boundary', 'Centroids', 'Vocabulary', 'Knn', 'Linear Hyperplanes', 'Features', 'Hyperplane', 'Hyperplanes', 'Learning Methods', 'Learning Method', 'Effectiveness', 'Class Centroids', 'Category', 'Tokens', 'Class', 'Terms', 'Log Space', 'Training Data']"
iir-4.2.csv,"['Blocked Sort-Based Indexing', 'Nonpositional Index', 'Dominant Key', 'Docid', 'Docids', 'Secondary Key', 'Term', 'Terms', 'Postings List', 'Postings Lists', 'Document', 'Documents', 'Collections', 'Collection', 'Memory', 'Index Construction', 'Termid', 'Termids', 'Vocabulary', 'Inverted Index', 'Index Construction Algorithms', 'Index Construction Algorithm', 'Reuters-Rcv1', 'Tokens', 'Token', 'Postings File', 'External Sorting Algorithm', 'Random Disk Seeks', 'Blocked Sort-Based Indexing Algorithm', 'Bsbi', 'Index', 'In-Memory Sort', 'Posting', 'Data Structure', 'Merge', 'Document Frequency', 'String', 'Strings', 'Secondary Storage', 'Multipass Algorithms', 'Reuters-Rcv1 Collection', 'Compression Techniques', 'Inversion', 'Priority Queue', 'Sorting', 'Term-Docid Pairs', 'Disk Space', 'Gb', 'Bytes', 'Main Memory', 'Disk', 'Algorithm', 'Sorting-Sequential Disk Reads', 'Block', 'Blocks', 'Merged Index', 'Block Files', 'Read Buffers', 'Write Buffer', 'Time Complexity']"
iir-13.6.csv,"['Evaluation Of Text Classification', 'Reuters-21578 Collection', 'Text Classification Evaluation', 'Reuters-Rcv1 Collection', 'Classes', 'Topic Categories', 'Document', 'Documents', 'Two-Class Classifiers', 'Two-Class Classifier', 'Modapte Split', 'Training Documents', 'Test Documents', 'Text Classification', 'Test Data', 'Accuracy', 'Recall', 'Precision', 'F1', 'Performance', 'Computational Efficiency Of Classification', 'Ir System', 'Macroaveraging', 'Microaveraging', 'Naive Bayes', 'Nb', 'Linear Svms', 'Svm', 'Knn', 'Decision Trees', 'Training Sample', 'Classifier', 'Machine Learning Algorithm', 'Training Set', 'Ad Hoc Retrieval', 'Development Set', 'Held-Out Data', 'Test Set', 'Effectiveness', 'Performance Efficiency', 'Classification', 'True Negatives', 'True Positives', 'Collection', 'Classic Reuters-21578 Collection', 'Any-Of Problem', 'Classification Error', 'Classification Accuracy', 'Classification Decisions', 'One-Of Classification', 'Rocchio', 'Evaluation', 'Document Collection']"
iir-10.3.csv,"['Vector Space Model', 'Xml Retrieval', 'Node', 'Nodes', 'Leaf', 'Vector Space', 'Lexicalized Subtrees', 'Lexicalized Subtree', 'Documents', 'Document', 'Documents', 'Document', 'Subtrees', 'Vocabulary Term', 'Vocabulary Terms', 'Leaf Node', 'Queries', 'Query', 'Vector Space Retrieval System', 'Collection', 'Paths', 'Xml-Context/Term Pairs', 'Xml-Context/Term Pair', 'Structural Term', 'Structural Terms', 'Extended Queries', 'Context Resemblance', 'Query Path', 'Document Path', 'Xml Contexts', 'Xml Context', 'Weights', 'Weight', 'Weightings', 'Weightings', 'Inverse Document Frequency', 'Cosine Measure', 'Query Length Normalization', 'Normalizer', 'Query-Document Similarities', 'Sparse Term Statistics', 'Matching Function', 'Unstructured Retrieval', 'Xml Tree', 'Lexicalized Subtrees Of Documents', 'Pseudo-Xpath Notation', 'Query Structure', 'Non-Structural Terms', 'Vocabulary', 'Query-Document Similarity Function', 'Document Frequency', 'Query Structural Term', 'Query Term', 'Context Resemblance Function', 'Xml-Context Pairs', 'Xml-Context Pair', 'Parent-Child Node Pair', 'Array Normalizer', 'Postings Lists', 'Postings List', 'Similarity Function', 'Structural Queries']"
iir-10.2.csv,"['Xml Retrieval', 'Structured Retrieval', 'Unstructured Retrieval', 'Collection', 'Collections', 'Structured Documents', 'Queries', 'Query', 'Documents', 'Document', 'Xml Elements', 'Ir Systems', 'Structured Document Retrieval Principle', 'Tree', 'Trees', 'Indexing Unit', 'Indexing Units', 'Non-Overlapping Pseudodocuments', 'Leaves', 'Relevance', 'Leaf Element', 'Nested Elements', 'Xml Retrieval System', 'Query Terms', 'Query Term', 'Structured Queries', 'Term', 'Inverse Document Frequency', 'Ir', 'Xml Documents', 'Schema Heterogeneity', 'Schema Diversity', 'Document Structures', 'Query Interface', 'Parent-Child Relationships', 'Extended Queries', 'Extended Query', 'Indexing', 'Document Unit', 'Ranking', 'Document Frequency', 'Idf', 'Idf Weights', 'Xml-Context Pairs', 'Df', 'Xml Schemas', 'Ir Application', 'Keyword Queries', 'Pseudo-Xpath Notation', 'Retrieval', 'Pseudodocuments', 'Root Node', 'Leaf Node', 'Sparse Data Problems', 'Xml-Term Pairs', 'Parent Node', 'Tree Structure']"
iir-6.4.csv,"['Document', 'Documents', 'Tf', 'Tf-Idf', 'Sublinear Tf Scaling', 'Term Frequency', 'Term Frequencies', 'Wf-Idf', 'Tf Weights', 'Terms', 'Term', 'Terms', 'Term', 'Smoothing', 'Smoothing Term', 'Classification', 'Term Weightings', 'Term Weight', 'Term Weighting', 'Information Retrieval Systems', 'Vector Space Scoring', 'Vector Space Scoring Method', 'Query Vector', 'Document Vector', 'Document Vectors', 'Document Frequency', 'Document Frequencies', 'Normalization Functions', 'Normalization Function', 'Log-Weighted Term Frequency', 'Idf', 'Cosine Normalization', 'Idf Weighting', 'Pivoted Normalized Document Length', 'Euclidean Length', 'Unit Vectors', 'Unit Vector', 'Query Terms', 'Document Collection', 'Queries', 'Query', 'Collection', 'Probability Of Relevance', 'Normalized Term Frequency', 'Stop Word', 'Ranking', 'Outlier Term', 'Standard Weighting Scheme', 'Document Length Normalization', 'Pivot Length', 'Wf', 'Maximum Tf Normalization', 'Query Weighting Schemes', 'Weighting Schemes', 'Weighting Scheme', 'Text Retrieval System', 'Information Needs', 'Search Terms', 'Normalized Document', 'Boolean Judgment', 'Relevance Judgments', 'Pivoted Document Length Normalization', 'Pivoted Length Normalization', 'Linear Pivoted Normalization', 'Machine Learning Based Scoring Approach']"
iir-12.3.csv,"['Language Modeling', 'Ir', 'Language Modeling Approach', 'Text Retrieval', 'Queries', 'Documents', 'Document', 'Probabilistic Language Modeling', 'Probabilistic Approaches', 'Bim', 'Lm Approach', 'Lm Approaches', 'Information Needs', 'Information Need', 'Xml Retrieval', 'Ir Models', 'Unigram Models', 'Unigram Model', 'Relevance', 'Tf-Idf Models', 'Term Frequency', 'Document Length Normalization', 'Terms', 'Collections', 'Collection', 'Tf-Idf', 'Bm25 Weights', 'Vector Space Retrieval System', 'Relevance Feedback', 'Boolean Retrieval Operators', 'Language Processing', 'Document Model', 'Speech Processing', 'Query Language', 'Document Generation Probability', 'Collection Generation Probability', 'Speech And Language Processing', 'Idf', 'Ranking Of Documents', 'Mathematical Models', 'Natural Language Processing']"
iir-16.4.csv,"['K-Means', 'Flat Clustering Algorithm', 'Euclidean Distance', 'Centroid', 'Centroids', 'Documents', 'Length-Normalized Vectors', 'Rocchio Classification', 'Residual Sum Of Squares', 'Rss', 'Seed', 'Seeds', 'Global Minimum', 'Outliers', 'Singleton Cluster', 'Seed Selection', 'Deterministic Hierarchical Clustering Methods', 'Buckshot Algorithm', 'Time Complexity', 'Hierarchical Algorithms', 'Linear Algorithm', 'K-Medoids', 'Medoid', 'Cluster', 'Clusters', 'Clustering', 'Algorithm', 'Hierarchical Clustering', 'Hierarchical Clustering Methods', 'Random Sample', 'Sparse Document Vectors', 'Average Squared Euclidean Distance', 'Cluster Centers', 'Mean', 'Real-Valued Space', 'Training Set', 'K-Means Algorithm', 'Suboptimal Clustering', 'Iterations', 'High Dimensionality', 'Distance Computations']"
iir-4.4.csv,"['Distributed Indexing', 'Distributed Index', 'Collections', 'Collection', 'Index Construction', 'Clusters', 'Web Index', 'Distributed Indexing Algorithms', 'Term-Partitioned Index', 'Document-Partitioned Index', 'Mapreduce', 'Distributed Computing', 'Nodes', 'Master Node', 'Splits', 'Split', 'Key-Value Pairs', 'Key-Value Pair', 'Termid', 'Termids', 'Docid', 'Terms', 'Term', 'Map Phase', 'Bsbi', 'Spimi', 'Parsers', 'Parser', 'Segment Files', 'Segment File', 'Reduce Phase', 'Reduce Phases', 'Indexing System', 'Inverter', 'Inverters', 'Term Frequencies', 'Term Frequency', 'Posting', 'Postings', 'Inverted Index', 'Local Disk', 'Master', 'Mapreduce Functions', 'World Wide Web', 'Computer Clusters', 'Web Search Engines', 'Document', 'Documents', 'Single-Machine Indexing', 'Sorted Postings List', 'Crawling', 'Google Indexing System', 'Search Engines', 'Distributed Index Construction Method', 'Memory', 'Disk', 'Supercomputer', 'Chunks', 'Worker Nodes', 'Map', 'Mapping', 'Mb', 'Mapping Splits', 'Key', 'Keys', 'Network Traffic', 'Mapreduce Jobs', 'Mapreduce Operations', 'Distributed Environment']"
iir-10.1.csv,"['Xml Document', 'Xml Documents', 'Tree', 'Trees', 'Node', 'Nodes', 'Xml Element', 'Xml Attribute', 'Xml Attributes', 'Leaf Nodes', 'Internal Nodes', 'Parents', 'Children', 'Xpath', 'Xml Contexts', 'Xml Context', 'Xml Document Collection', 'Vocabulary Term', 'Schema', 'Schemas', 'Xml Dtd', 'Xml Schema', 'Structured Queries', 'Xml Retrieval System', 'Collection', 'Xml Queries', 'Nexi', 'Narrowed Extended Xpath I', 'Query', 'Queries', 'Relational Attribute Constraints', 'Information Retrieval Problem', 'Xml Retrieval', 'Nexi Query', 'Relational Attributes', 'Documents', 'Document', 'Element Nodes', 'Xml', 'Ordered Tree', 'Xml Dom', 'Root Element', 'Ranking Constraint', 'Opening Tag', 'Closing Tag', 'Metadata', 'Xml Document Object Model', 'Dom', 'Term', 'Search', 'Attribute Nodes', 'Subtree', 'Element-Node Tree']"
iir-10.csv,"['Information Retrieval Systems', 'Relational Databases', 'Relational Database', 'Ir Systems', 'Unstructured Text', 'Relational Data', 'Information Retrieval', 'Database Systems', 'Retrieval Model', 'Data Structures', 'Query Language', 'Structured Text Search Problems', 'Sql Query', 'Precision', 'Recall', 'Structured Documents', 'Structured Retrieval', 'Queries', 'Query', 'Collection', 'Structured Queries', 'Unranked Retrieval Models', 'Boolean Model', 'Unranked System', 'Search System', 'Search', 'Structured Search', 'Ranked Retrieval Methods', 'Extensible Markup Language', 'Xml', 'Html', 'Documents', 'Data-Centric Xml', 'Semistructured Retrieval', 'Semistructured Queries', 'Database Querying', 'Parametric Search', 'Zone Search', 'Parametric Fields', 'Zones', 'Tree Structure', 'Inex', 'Data-Centric Approaches', 'Text-Centric Approaches', 'Xml Retrieval', 'Markup', 'Databases', 'Patent Databases', 'Named Entity Tagging', 'Marked Up Text', 'Unranked Retrieval System', 'Markup Languages', 'Xml Format', 'Inverted Index-Based Methods', 'Text-Centric Xml', 'Information Retrieval Problem', 'Data Model', 'Xml Documents', 'Information Need', 'Structured Data', 'Sgml', 'Xml Queries', 'Unstructured Retrieval', 'Vector Space Model']"
iir-7.2.csv,"['Information Retrieval System', 'Scoring', 'Vector Spaces', 'Vector Space', 'Vector Space Retrieval', 'Query Operators', 'Retrieval', 'Vector Space Queries', 'Vector Space Query', 'Tiered Indexes', 'Index Elimination', 'Inexact Top-K Retrieval', 'Documents', 'Document', 'Documents', 'Document', 'Champion Lists', 'Terms', 'Tf', 'Document Id', 'Query-Term Proximity', 'Query Terms', 'Query', 'Queries', 'Proximity-Weighted Scoring Functions', 'Proximity-Weighted Scoring Function', 'Cosine Similarity', 'Scoring Function', 'Machine Learning', 'Search Interfaces', 'Query Parser', 'Phrase Query', 'Phrase Queries', 'Vector Space Scoring', 'Collections', 'Collection', 'Web Search', 'Machine-Learned Scoring', 'Boolean', 'Tokens', 'Tokenization', 'Parsed Document', 'Spelling Correction', 'Tolerant Retrieval', 'Retrieved Documents', 'Machine-Learned Ranking', 'Search System', 'Postings', 'Free Text Queries', 'Stop Words', 'Web Search Engines', 'Static Quality', 'Proximity Weighting', 'Evidence Accumulation', 'Aggregate Scoring Function', 'Parsing', 'Document Collection', 'Field Queries', 'Language And Format Detection', 'Stemming', 'Document Cache', 'Metadata', 'Positional Indexes', 'Indexes', 'Index', 'Indexers', 'Indexes', 'Index', 'Indexers', 'Free Text User Query', 'Scoring Module', 'Mlr', 'Search', 'Retrieval Operators', 'Query String', 'Query Parsing Layer', 'Zones', 'Zone', 'Document Management Systems', 'Linguistic Processing', 'Field Indexes', 'Zone Indexes']"
iir-6.3.csv,"['Document Classification', 'Vector Space Scoring', 'Vector Space Scores', 'Document Collection', 'Tf-Idf Weighting Scheme', 'Vector Space', 'Term', 'Terms', 'Cosine Similarity', 'Cosine Similarities', 'Vector Representations', 'Dot Product', 'Dot Products', 'Inner Product', 'Euclidean Lengths', 'Euclidean Length', 'Length-Normalization', 'Collection', 'Document', 'Documents', 'Idf', 'Queries', 'Query', 'Query Terms', 'Query Term', 'Tf', 'Tf-Idf Weights', 'Inverted Index', 'Free Text Query', 'Accumulators', 'Accumulator', 'Postings', 'Posting', 'Inverse Document Frequency', 'Postings Lists', 'Document-At-A-Time Scoring', 'Term-At-A-Time Scoring', 'Scoring', 'Information Retrieval Operation', 'Information Retrieval Operations', 'Unit Vector', 'Term-Document Matrix', 'Bag Of Words', 'Query Vector', 'Dictionary Term', 'Weighting Scheme', 'Weighting Schemes', 'Term Frequencies', 'Term Frequency', 'Search Engines', 'Vocabulary', 'Algorithm', 'Array', 'Tf-Idf', 'Priority Queue Data Structure', 'Heap', 'Concurrent Postings Traversal']"
iir-9.2.csv,"['Query Reformulation', 'Query Reformulations', 'Search', 'Searches', 'Ir System', 'Inverted Index', 'Terms', 'Term', 'Collection', 'Query Expansion', 'Relevance Feedback', 'Documents', 'Query', 'Query Terms', 'Search Engines', 'Query Suggestions', 'Expanded Queries', 'Controlled Vocabulary', 'Manual Thesaurus', 'Automatically Derived Thesaurus', 'Collection Of Documents', 'Web Search', 'Thesaurus-Based Query Expansion', 'Automatic Thesaurus Generation', 'Word Cooccurrence', 'Co-Occurrence Thesaurus', 'Term-Term Similarities', 'Term-Document Matrix', 'Dimensionality Reduction', 'Latent Semantic Indexing', 'Term Ambiguity', 'False Positives', 'Recall', 'Precision', 'Pseudo Relevance Feedback', 'Stop Lists', 'Term Weighting', 'Library Subject Indexes', 'Interactive Query Expansion', 'Automatic Query Expansion', 'Word Co-Occurrence Statistics', 'Query Log Mining', 'Global Analysis Techniques', 'False Negatives', 'Dictionaries', 'Domain-Particular Vocabularies', 'Web Search Engine', 'Library Of Congress Subject Headings', 'Dewey Decimal System', 'Unified Medical Language System']"
iir-6.1.csv,"['Parametric Indexes', 'Parametric Index', 'Zone Indexes', 'Zone Index', 'Document', 'Documents', 'Terms', 'Term', 'Metadata', 'Fields', 'Field', 'Query Processing', 'Postings Intersections', 'Postings', 'Query', 'Queries', 'Parametric Search', 'Search Engine', 'B-Tree', 'Zones', 'Zone', 'Inverted Index', 'Inverted Indexes', 'Weighted Zone Scoring', 'Weighted Zone Scores', 'Weighted Zone Score', 'Weighted Zone Score', 'Boolean Queries', 'Boolean Query', 'Boolean Score', 'Boolean Function', 'Boolean Functions', 'Ranked Boolean Retrieval', 'Query Term', 'Accumulator', 'Accumulators', 'Training Examples', 'Training Example', 'Zone Score', 'Zone Scores', 'Boolean Value', 'Boolean Values', 'Machine-Learned Relevance', 'Document-Query Pair', 'Quadratic Function', 'Digital Documents', ""Field'S Dictionary"", 'Vocabulary Stems', 'Main Memory', 'Algorithm', 'Postings Traversal', 'Boolean And Query', 'Array', 'Information Retrieval', 'Machine Learning', 'Learned Scores', 'Boolean Match Scores', 'Collection', 'Boolean Match Function', 'Boolean Variables', 'Training Document', 'Training Query']"
iir-15.3.csv,"['Classification', 'Machine Learning Methods', 'Machine Learning Method', 'Bias', 'Text Features', 'Text Classification', 'Classifier', 'Classifiers', 'Training Data', 'Boolean Expressions', 'Documents', 'Document', 'Documents', 'Document', 'Supervised Classifier', 'Machine Learning Theory', 'Naive Bayes', 'Semi-Supervised Training Methods', 'Em Algorithm', 'Bootstrapping', 'Semi-Supervised Learning Algorithm', 'Svms', 'Svm', 'Transductive Svms', 'Active Learning', 'Linear Classifier', 'Boolean Rule-Based Classifier', 'Machine Learning Classifier', 'Machine Learning Models', 'Boolean-Like Models', 'Classification Effectiveness', 'Text Classification Problem', 'Classification Algorithms', 'Classification Problems', 'Hierarchical Structure', 'Hierarchical Classification', 'Scalability Of Classifiers', 'Aggressive Feature Selection', 'Machine Learning', 'Boost', 'Boosting', 'Boost', 'Boosting', 'Classification Accuracy', 'Voting', 'Bagging', 'Ad Hoc Retrieval', 'Terms', 'Ir Query Languages', 'Features', 'Feature Engineering', 'Tokens', 'Effectiveness', 'K-Gram Features', 'Stemming', 'Lowercasing', 'Test Collection', 'Ir', 'Parameter Tying', 'Text Summarization', 'Feature Selection', 'Feature Selection Methods', 'Accuracy', 'Categorization', 'Text Classifier', 'Text Classifiers', 'Text Classifier', 'Text Classifiers', 'Query Languages', 'Precision', 'Recall', 'Decision Trees', 'Classifier Effectiveness', 'Document Collection', 'Subvocabularies', 'Web Directories', 'Library Classification Schemes', 'Classification Schemes', 'Feature Sparseness', 'Data Sparseness', 'Document Zones', 'Classification Of Text Documents', 'Domain-Specific Text Features', 'Nearest Neighbor Model', 'Confidence Decisions', 'Tying Parameters', 'Upweighting']"
iir-8.5.csv,"['Relevance', 'Information Needs', 'Information Need', 'Documents', 'Document', 'Test Document Collection', 'Query Terms', 'Relevance Assessments', 'Cranfield', 'Query And Document Pair', 'Pooling', 'Collection', 'Collections', 'Top K Documents', 'Ir Systems', 'Ir System', 'Boolean Keyword Searches', 'Query', 'Relevance Judgments', 'Kappa Statistic', 'Marginal Statistics', 'Kappa Value', 'Trec Evaluations', 'Ir Evaluation', 'Judgments Of Relevance', 'Interjudge Agreement Of Relevance', 'Binary Relevance Judgment', 'Test Information Needs', 'Marginal', 'Marginals', 'Ir Collections', 'Gold Standard']"
iir-1.1.csv,"['Information Retrieval', 'Document Retrieval', 'Grepping', 'Grep', 'Wildcard Pattern Matching', 'Collections', 'Collection', 'Index', 'Term-Document Incidence Matrix', 'Terms', 'Term', 'Query', 'Querying', 'Boolean Retrieval Model', 'Documents', 'Document', 'Retrieval System', 'Corpus', 'Ad Hoc Retrieval', 'Information Need', 'Relevant', 'Relevance', 'Precision', 'Recall', 'Inverted Index', 'Inverted File', 'Dictionary', 'Lexicon', 'Vocabulary', 'Pattern Matching', 'Document Collections', 'Document Collection', 'Ranked Retrieval', 'Incidence Matrix', 'Effectiveness', 'Term-Document Matrix', 'Sparse Matrix', 'Posting', 'Postings', 'Postings List', 'Inverted List', 'Binary Term-Document Incidence Matrix', 'Ir', 'Relevant Documents', 'Ir System']"
iir-9.1.csv,"['Relevance Feedback', 'Pseudo Relevance Feedback', 'Query', 'Queries', 'Collection', 'Collections', 'Query Refinement', 'Information Need', 'Ir', 'Rocchio Algorithm', 'Query Vector', 'Relevant Documents', 'Cosine Similarity', 'Nonrelevant Documents', 'Nonrelevant Document', 'Vector Space Model', 'Vector Space', 'Term Weight', 'Term Weights', 'Recall', 'Precision', 'Positive Feedback', 'Ir Systems', 'Ir System', 'Image Search System', 'Ranking', 'Ide Dec-Hi', 'Probabilistic Relevance Feedback', 'Classifier', 'Naive Bayes Probabilistic Model', 'Boolean Indicator Variable', 'Collection Statistics', 'Term Distribution', 'Information Retrieval', 'Cross-Language Information Retrieval', 'Collection Vocabulary', 'Rocchio Relevance Feedback Model', 'Cluster', 'Multimodal Class', 'Vocabulary', 'Document Clusters', 'Web Search Engines', 'Document', 'Documents', 'Web Search', 'Excite Search Engine', 'Retrieval Performance', 'Precision-Recall Graph', 'Mean Average Precision', 'Residual Collection', 'Relevance Judgments', 'Blind Relevance Feedback', 'Query Reformulation', 'Trec Ad Hoc Task', 'Indirect Relevance Feedback', 'Implicit Relevance Feedback', 'Explicit Feedback', 'Clickstream Mining', 'Web Search Query', 'Information Filter', 'Ir Query', 'Negative Feedback', 'Query Term Weights', 'Term-Weighting', 'Spelling Correction Techniques', 'Term Frequency', 'Excite Web Search Engine', 'Full Relevance Feedback', 'Clickstream Data', 'Web Link Structure', 'Implicit Feedback', 'Relevance Feedback Strategies', 'Interactive Relevance Feedback', 'Directhit Search Engine', 'Retrieval Process', 'Optimal Query Vector', 'Optimal Query', ""Salton'S Smart System"", 'Term', 'Search', ""Searcher'S Vocabulary"", 'Relevance Feedback Techniques', 'Retrieval', 'Ad Hoc Retrieval']"
iir-13.csv,"['Text Classification', 'Naive Bayes', 'Ad Hoc Retrieval', 'Queries', 'Query', 'Search Engine', 'Index', 'Indexing', 'Standing Queries', 'Standing Query', 'Collection', 'Documents', 'Document', 'Terms', 'Recall', 'Boolean Search Engine', 'Stemming', 'Classification', 'Classes', 'Class', 'Two-Class Classification', 'Routing', 'Filtering', 'Text Categorization', 'Topic Classification', 'Topic Spotting', 'Information Retrieval', 'Computer Vision', 'Clasifier', 'Ascii', 'Unicode Utf-8', 'Word Segmentation', 'Search Engine Index', 'Sentiment Detection', 'Email Sorting', 'Classifier', 'Vertical Search', 'Topic-Specific Serach', 'Vertical Search Engines', 'Vertical Search Engine', 'Precision', 'Ranking Function', 'Machine Learning-Based Text Classification', 'Machine Learning', 'Text Classifier', 'Statistical Text Classification', 'Labeling', 'Classification Algorithms', 'Efficiency', 'Feature Selection', 'Classification Methods', 'Vector Space Classifiers', 'Support Vector Machines', 'Information Needs', 'Ir', 'Preprocessing', 'Truecasing', 'Automatic Classification', 'Ad Hoc Information Retrieval', 'Topics', 'Topic-Specific Search', 'Retrieval Systems', 'Training Data', 'Relevance Feedback', 'Evaluation Of Text Classification']"
iir-14.1.csv,"['Document Representations', 'Vector Spaces', 'Measures Of Relatedness', 'Documents', 'Document', 'Document Vectors', 'Vector Classification', 'Vectors', 'Length-Normalized Unit Vectors', 'Vector Space Classifiers', 'Knn Classification', 'Euclidean Distance', 'Underlying Distance Measure', 'Cosine Similarity', 'Length-Normalized Vectors', 'Vector Space Classification', 'Relatedness Of Two Documents', 'Unit Vectors', 'Centroids', 'Unnormalized Vectors', 'Dot Product', 'Hypersphere']"
iir-2.1.csv,"['Postings Lists', 'Postings List', 'Inverted Index', 'Tokens', 'Tokenization', 'Token', 'Term', 'Terms', 'Documents', 'Document', 'Indexing', 'Index', 'Linguistic Preprocessing', 'Postings List Data Structure', 'Proximity Queries', 'Proximity Query', 'Boolean Models', 'Boolean Model', 'Character Sequence Decoding', 'Document Delineation', 'Unicode Utf-8', 'Heuristic Methods', 'Encoding', 'Encodings', 'Xml Documents', 'Document Unit', 'Html Pages', 'Indexing Granularity', 'Precision', 'Recall', 'Xml Retrieval', 'Ir System', 'Document Collection', 'Vocabulary', 'Inverted Index Construction', 'Phrase Query', 'Machine Learning Classification Problem', 'Query', 'Querying', 'Postings Data Structures', 'Ascii Encoding', 'Byte', 'Multibyte Encoding Schemes', 'Metadata', 'Binary Representation', 'Decoding', 'Xml Files', 'Markup', 'Character Encodings', 'Digital Representation', 'Collection', 'Relevant Information', 'Implicit Proximity Search', 'Index Granularity', 'Information Needs', 'Usage Patterns']"
iir-7.1.csv,"['Term Weighting', 'Documents', 'Document', 'Vector Space Models', 'Vector Space Model', 'Cosine Scoring Algorithm', 'Search Engine', 'Search Engines', 'Cosine Scoring', 'Cosine Scores', 'Indexes', 'Query Term Proximity', 'Scoring', 'Score', 'Ranking', 'Query', 'Collection', 'Cosine Similarity', 'Terms', 'Term', 'Postings', 'Inverted Index', 'Boolean Query', 'Tf', 'Query Terms', 'Query Term', 'Heap', 'Inexact Top K Document Retrieval', 'Pointers', 'Phrase Queries', 'Index Elimination', 'Multi-Term Query', 'Idf', 'Postings Traversal', 'Low-Idf Terms', 'Stop Words', 'Champion Lists', 'Fancy Lists', 'Top Docs', 'Dictionary', 'Tf-Idf Weighting', 'Index Construction', 'Static Quality Scores', 'Query-Dependent Score', 'Query-Dependent Scores', 'Postings List', 'Postings Lists', 'Document Ids', 'Document Id', 'Global Champion List', 'Global Champion Lists', 'Impact Ordering', 'Query Termsâ\x80\x99 Postings Lists', 'Inexact Top-K Retrieval', 'Cluster Pruning', 'Document Vectors', 'Vector Space', 'Free Text Queries', 'Query Vector', 'Postings Intersection', 'Dictionary Term', 'Postings Intersection Algorithm', 'Scoring Function', 'Term Frequency', 'Clustering', 'Search System', 'Query Operators', 'Algorithm', 'Unit Vector', 'Document Unit Vector', 'Web Search', 'Learning Methods', 'Static Quality', 'High Lists', 'Concurrent Traversal', 'Document-At-A-Time Scoring', 'Query Processing']"
iir-15.1.csv,"['Support Vector Machines', 'Decision Boundary', 'Learning Methods', 'Perceptron Algorithm', 'Linear Separator', 'Naive Bayes', 'Svms', 'Decision Surface', 'Margin', 'Classifier', 'Decision Function', 'Support Vectors', 'Support Vector', 'Misclassification', 'Svm Classifier', 'Decision Hyperplane', 'Weight Vector', 'Functional Margin', 'Euclidean Distance', 'Unit Vector', 'Unit Vectors', 'Geometric Margin', 'Quadratic Function', 'Linear Constraints', 'Quadratic Optimization', 'Qp', 'Quadratic Programming', 'Algorithms', 'Optimization Problem', 'Lagrange Multiplier', 'Classification Function', 'Dual Problem', 'Dot Product', 'Data Set', 'Quadratic Optimization', 'Margin Of The Classifier', 'Probability Of Classification', 'Sigmoid', 'Unit Hypersphere', 'Document', 'Svm Decision Boundary', 'Training Data Sets', 'Classification Safety Margin', 'Test Data', 'Bias-Variance Tradeoff', 'Mathematical Optimization Problems', 'Quadratic Programming (Qp) Libraries', 'Vector Space', 'Memory Capacity Of The Model', 'Intercept', 'Hyperplane', 'Training Data', 'Quadratic Optimization Problems', 'Confidence Threshold']"
iir-13.3.csv,"['Bernoulli Model', 'Nb Classifier', 'Multinomial Model', 'Vocabulary', 'Document', 'Documents', 'Multivariate Bernoulli Model', 'Binary Independence Model', 'Term', 'Terms', 'Time Complexity', 'Binary Occurrence', 'Bernoulli Nb Model', 'Classification', 'Generation Models', 'Class', 'Tokens', 'Test Document']"
iir-1.2.csv,"['Inverted Index', 'Index', 'Indexing', 'Tokens', 'Normalized Tokens', 'Document Identifier', 'Sorting', 'Document', 'Documents', 'Dictionary', 'Postings', 'Posting', 'Term', 'Terms', 'Document Frequency', 'Boolean Search Engine', 'Query', 'Ranked Retrieval Models', 'Data Structure', 'Document Collection', 'Docid', 'Index Construction', 'Ad Hoc Text Search', 'Information Retrieval', 'Inverted File', 'Index Compression', 'Postings List', 'Indexing Terms', 'Sort-Based Indexing', 'Efficiency', 'Singly Linked Lists', 'Skip Lists', 'Explicit Pointers', 'Pointer', 'Pointers', 'Term-Document Incidence Matrix', 'Boolean Retrieval']"
iir-13.4.csv,"['Naive Bayes', 'Classification', 'Document', 'Class Membership', 'Maximum A Posteriori Probability', 'Bayesâ\x80\x99 Rule', 'Classes', 'Class', 'Classes', 'Class', 'Bayesian Text Classification', 'Conditional Distribution', 'Terms', 'Term', 'Binary Vector', 'Classification Problem', 'Text Classification Problem', 'Text Classification', 'Bernoulli Model', 'Conditional Independence Assumption', 'Random Variable', 'Vocabulary', 'Nb Models', 'Conditional Independence', 'Multinomial Model', 'Nb Classification', 'Term Distributions', 'Positional Independence', 'Conditional Probabilities', 'Bag Of Words Model', 'Ad Hoc Retrieval', 'Document Generation Model', 'Bag-Of-Words Model', 'Nb', 'Nb Classifiers', 'Concept Drift', 'Training Data', 'Term Frequency', 'Sequence Model', 'Naive Bayes Conditional Independence Assumption', 'Optimal Classifier', 'Document Space', 'Probability Distribution', 'Data Sparseness', 'Token Generation Model', 'Stop Word', 'Text Classifier', 'Probability Estimates', 'Accuracy', 'Noise Features', 'Knn']"
iir-5.1.csv,"['Index Compression', 'Dictionary', 'Inverted Index', 'Data Structures', 'Compression Techniques', 'Ir Systems', 'Ir System', 'Search Systems', 'Index', 'Indexing', 'Postings List', 'Postings Lists', 'Query Term', 'One-Term Query', 'Disk Seek', 'Query', 'Memory', 'Disk', 'Decompression Algorithms', 'Compressed Postings List', 'Compressed Postings Lists', 'Retrieval System', 'Uncompressed Postings Lists', 'Disk-To-Memory Transfer', 'Posting', 'Postings', 'Docid', 'Termid', 'Terms', 'Term', 'Collections', 'Collection', 'Byte Encoding', 'Information Retrieval', 'Reuters-Rcv1', 'Nonpositional Postings', 'Positional Index', 'Rule Of 30', 'Tokens', 'Lossy Compression', 'Case Folding', 'Stemming', 'Stop Word Elimination', 'Vector Space Model', 'Dimensionality Reduction Techniques', 'Latent Semantic Indexing', 'Short Queries', 'Vocabulary', 'Dictionary Compression', 'Information Retrieval System', 'Ir', 'Disk Space', 'Compression Ratios', 'Caching', 'Cache', 'Decompression Methods', 'Blocked Storage', 'Postings File', 'Variable Byte Encoding', 'Γ Encoding', 'Compressed Index', 'Porter Stemmer', 'Web Search', 'Documents', 'Collection Frequency', 'Power Law', 'Zipf Function', 'Main Memory', 'Compression Algorithms', 'Dictionary-As-A-String Method', 'Nonpositional Index', 'Stop Words', 'Stop Word', 'Stop List', 'Bits', 'Lemmatizer', 'Lossy Methods', ""Heaps' Law"", 'Log-Log Space', ""Zipf'S Law""]"
iir-11.3.csv,"['Binary Independence Model', 'Prp', 'Boolean', 'Binary', 'Documents', 'Document', 'Queries', 'Query', 'Binary Term Incidence Vectors', 'Term', 'Terms', 'Vector Representation', 'Incidence Vector', 'Independence', 'Naive Bayes Models', 'Multivariate Bernoulli Naive Bayes Model', 'Probabilistic Retrieval Strategy', 'Relevance', 'Document Relevance', 'Estimated Probability Of Relevance', 'Bim', 'Bayes Rule', 'Document Collection', 'Prior Probability', 'Relevant Document', 'Relevant Documents', 'Relevant Document', 'Relevant Documents', 'Nonrelevant Document', 'Collection', 'Ranking Function', 'Query Terms', 'Ranking Of Documents', 'Odds Of Relevance', 'Probability Of Relevance', 'Naive Bayes Assumption', 'Naive Bayes Conditional Independence Assumption', 'Retrieval Status Value', 'Odds Ratio', 'Relative Frequency', 'Maximum Likelihood Estimate', 'Mle', 'Smoothing', 'Pseudocounts', 'Bayesian Prior', 'Uniform Distribution', 'Vocabulary', 'Maximum A Posteriori', 'Frequency Of Term Occurrence', '(Pseudo-)Relevance Feedback', 'Iterative Process', 'Relevance Judgments', 'Bayesian Updating', 'Bernoulli Random Variable', 'Pseudo-Relevance Feedback', 'Tf-Idf', 'Probability Function', 'Vector Space Model', 'Information Need', 'Relevance Feedback', 'Probabilistic Retrieval', 'Term Frequency', 'Document Frequency', 'Document Length', 'Probability Of Document Relevance', 'Term Incidence Vectors', 'Term Incidence Vector', 'Term Incidence Vectors', 'Term Incidence Vector', 'Log Odds Ratios', 'Maximum A Posteriori Estimation', 'Idf Weighting', 'Probabilistic Approaches', 'Relevance Feedback Weighting', 'Data Analysis', 'Algorithm', 'Tf-Idf Value', 'Odds', 'Probability', 'Idf', 'Beta Distribution Prior', 'Prior Distribution', 'Pseudo-Relevance Feedback Version']"
iir-10.5.csv,"['Text-Centric Xml', 'Data-Centric Xml', 'Text-Centric Retrieval Engine', 'Data-Centric Xml Retrieval', 'Structured Retrieval', 'Xml Structure', 'Query', 'Queries', 'Query', 'Queries', 'Xml Documents', 'Unstructured Retrieval Methods', 'Xml Document Retrieval', 'Relevance-Ranked Results', 'Relational Databases', 'Xml Queries', 'Ranking', 'Text-Centric Approaches', 'Xml', 'Data-Centric Approaches', 'Text-Centric Retrieval Engine', 'Text-Centric Structured Retrieval Model', 'Query Languages', 'Xquery', 'Xquery-Based Ranked Retrieval System', 'Information Retrieval', 'Xml Retrieval', 'Data-Centric Xml Retrieval Systems', 'Text-Centric Xml Retrieval', 'Joins', 'Database Framework', 'Tuples', 'Information Need', 'Databases', 'Database', 'Data Collections']"
iir-11.4.csv,"['Probabilistic Methods', 'Ir', 'Computational Linguistics', 'Probabilistic Ir Model', 'Bim', 'Boolean Representation Of Documents', 'Boolean Representation Of Queries', 'Boolean Representation Of Relevance', 'Term Independence', 'Terms', 'Term', 'Query', 'Queries', 'Document Relevance', 'Bm25 Weighting Scheme', 'Ir Systems', 'Probabilistic Ir System', 'Probabilistic Ir Systems', 'Tf-Idf', 'Vector-Space Ir System', 'Okapi Bm25', 'Non-Binary Model', 'Collections', 'Collection', 'Bm25 Weights', 'Okapi Weighting', 'Idf', 'Relevance Feedback', 'Documents', 'Document', 'Query Terms', 'Positive Tuning Parameter', 'Length Normalization Of The Query', 'Tuning Parameters', 'Tuning Parameter', 'Relevance Judgments', 'Document Term', 'Bm25 Term Weighting', 'Bayesian Network Approaches', 'Bayesian Networks', 'Bayesian Network', 'Directed Graphs', 'Probabilistic Dependencies', 'Directed Acyclic Graphs', 'Document Collection Network', 'Query Network', 'Probabilistic Network', 'Boolean And Probabilistic Models', 'Statistical Ranked Retrieval Model', 'Structured Query Operators', 'Trec Evaluations', 'Bayesian Network-Based Information Retrieval Systems', 'Probabilistic Models', 'Probabilistic Model', 'Probabilistic Ir', 'Boolean Representation', 'Relevance', 'Term Weighting Models', 'Term Weighting Scheme', 'Vector Space', 'Cosine Similarity', 'Probability Theory', 'Probabilistic System', 'Tree Structure', 'Term Dependencies', 'Tree Structure Of Dependencies', 'Tree Augmented Naive Bayes Model', 'Full-Text Search Collections', 'Term Frequency', 'Document Length', 'Weighting Scheme', 'Document Scoring', 'Idf Weighting', 'Stop List', 'Document Term Frequency Scaling', 'Binary Model', 'Term Weight', 'Length Normalization', 'Term Frequency Scaling', 'Document Term Frequency', 'Document Length Scaling', 'Term Weighting Method', 'Query Vector', 'Information Retrieval', 'Probabilistic Graphical Model', 'Information Need', 'Query Subexpressions', 'Boolean Models', 'Inquery Text Retrieval System', 'Machine Learning', 'Term Weight', 'Grid Search']"
iir-5.2.csv,"['Dictionary Compression', 'Dictionary Data Structures', 'Compression Ratios', 'Dictionary', 'Dictionaries', 'Ir System', 'Disk Seeks', 'Query', 'Queries', 'Disk', 'Main Memory', 'Collections', 'Enterprise Search Server', 'Vocabulary', 'Search Systems', 'String', 'Data Structure', 'Bytes', 'Byte', 'Gigabytes', 'Pointer', 'Reuters-Rcv1', 'Term', 'Terms', 'Binary Search', 'Blocked Storage', 'Term Pointer', 'Term Pointers', 'Front Coding', 'Minimal Perfect Hashing', 'Hash Function', 'B-Tree', 'Postings File', 'Onboard Computers', 'Document Frequency', 'Postings List', 'Megabytes', 'Dictionary Terms', 'Reuters-Rcv1 Dictionary', 'Postings Pointer', 'Term List', 'Postings', 'Query Evaluation', 'Multiterabyte Collection', 'Documents', 'Memory', 'Gb', 'Four-Byte Pointers', 'Mb', 'Compressed Dictionary', 'Linear Search', 'Uncompressed Dictionary', 'Perfect Hashes', 'Perfect Hash Function', 'Compression Scheme', 'Memory-Hogging Word Processing Suite']"
iir-10.4.csv,"['Inex', 'Initiative For The Evaluation Of Xml Retrieval', 'Xml Retrieval', 'Collections', 'Collection', 'Queries', 'Query', 'Inex 2002 Collection', 'Co Topics', 'Content-And-Structure Topics', 'Cas Topics', 'Cas Topic', 'Structural Constraints', 'Relevance Assessments', 'Unstructured Retrieval', 'Component Coverage', 'Topical Relevance', 'Relevance-Coverage Combinations', 'Binary Relevance Judgments', 'Unstructured Information Retrieval', 'Precision', 'Recall', 'F', 'Binary Relevance Assessments', 'Relevance', 'Precision At K', 'Unstructured Bags Of Words', 'Documents', 'Document', 'Structured Retrieval', 'Precision-Oriented Tasks', 'Relevance Judgments', 'Collection Statistics', 'Test Collection', 'Structured Documents', 'Keyword Queries', 'Cas Queries', 'Topical Relevance Dimension', 'Evaluation Scheme', 'Marginal Relevance', 'Vector Space System', 'Xml Retrieval Effectiveness', 'Language-Model-Based System', 'Full-Structure Model', 'Relevane Judgments', 'Information Needs', 'Tree', 'Algorithms', 'Unstructured Retrieval Effectiveness', 'Binary Relevance', 'Binary Evaluation', 'Graded Evaluation', 'Relevant Documents']"
iir-3.4.csv,"['Phonetic Correction', 'Tolerant Retrieval', 'Query', 'Phonetic Hashing', 'Phonetic Hash', 'Inverted Index', 'Vocabulary Terms', 'Soundex Code', 'Soundex Codes', 'Soundex Index', 'Soundex', 'Soundex Algorithms', 'Soundex Algorithm', 'Soundex Map', 'Equivalence Class', 'Equivalence Classes', 'Algorithms', 'Algorithm', 'Searches', 'Terms', 'Query Terms', 'Soundex Match', 'String']"
iir-2.3.csv,"['Postings List Intersection', 'Skip Pointers', 'Postings Lists', 'Postings List', 'Skip List', 'Skip Lists', 'Query', 'Query Terms', 'Search Engine', 'Term', 'Vocabulary', 'Skip List Pointer', 'Skip Span', 'Index', 'Index Construction', 'Postings List Data Structures', 'Recall', 'Inverted Index', 'Encoding', 'Disk Postings List']"
iir-6.2.csv,"['Term Frequency', 'Term Weights', 'Query Term', 'Query Terms', 'Document', 'Documents', 'Query', 'Free Text Query', 'Search Interface', 'Boolean Operators', 'Bag Of Words', 'Bag Of Words Model', 'Term', 'Terms', 'Stop Words', 'Inverse Document Frequency', 'Collection Frequency', 'Collection', 'Document Frequency', 'Idf', 'Tf-Idf Weighting', 'Tf-Idf Weight', 'Document Vector', 'Dictionary', 'Dictionary Terms', 'Dictionary Term', 'Overlap Score Measure', 'Scoring', 'Zone', 'Weight', 'Weighting', 'Document-Level Statistic', 'Tf-Idf Weighting Scheme', 'Ranking', 'Search Operators', 'Weighting Scheme', 'Boolean Retrieval', 'Collection-Wide Statistic', 'Df', 'Cf', 'Reuters Collection', 'Tf-Idf']"
iir-12.2.1.csv,"['Query Likelihood Model', 'Query Likelihood Language Models', 'Ir', 'Language Modeling', 'Language Models', 'Language Model', 'Language Modeling', 'Document', 'Documents', 'Collection', 'Likelihood', 'Bayes Rule', 'Prior Probability', 'Query Generation Process', 'Multinomial Unigram Language Model', 'Multinomial Coefficient', 'Query', 'Lm', 'Random Process', 'Query Terms', 'Collection Statistics', 'Document Model', 'Multinomial Naive Bayes Model', 'Language Modeling Approach', 'Terms']"
iir-12.1.3.csv,"['Multinomial Distributions', 'Multinomial Distribution', 'Unigram Language Model', 'Unigram Models', 'Language Model', 'Language Models', 'Multinomial Probability', 'Bag Of Words', 'Multinomial Coefficient', 'Document', 'Term Vocabulary', 'Vocabulary', 'Likelihood Ratio', 'Speech Recognition', 'Ir', 'Model Distribution', 'Query', 'Bag Of Words Models', 'Terms', 'Multinomial Model', 'Training Sample']"
iir-9.csv,"['Relevance Feedback', 'Synonymy', 'Recall', 'Information Retrieval Systems', 'Search', 'Query Terms', 'Query Reformulation', 'Automatic Thesaurus Generation', 'Wordnet', 'Spelling Correction', 'Pseudo Relevance Feedback', 'Blind Relevance Feedback', 'Indirect Relevance Feedback', 'Query Expansion', 'Collections', 'Query', 'Query Refinement', 'Global Methods', 'Local Methods', 'Documents', 'Terms']"
iir-3.3.csv,"['Documents', 'Document', 'Edit Distance', 'K-Gram Overlap', 'Spelling Correction Algorithms', 'Query', 'Queries', 'Search Engines', 'Search Engine', 'Isolated-Term Correction', 'Context-Sensitive Correction', 'Edit Operations', 'Edit Operation', 'Levenshtein Distance', 'Dynamic Programming Algorithm', 'Terms', 'Term', 'Vocabulary', 'Decoding Problem', 'B-Tree', 'Permuterm Index', 'Dictionary Terms', 'B-Tree Traversal', 'K-Gram Indexes', 'K-Gram Index', 'Vocabulary Terms', 'Vocabulary Term', 'Query Term', 'Query Terms', 'K-Grams', 'Retrieval Process', 'Postings', 'Bigram', 'Bigrams', 'Jaccard Coefficient', 'Coefficient', 'Context Sensitive Spelling Correction', 'Spelling Correction', 'Spell-Correction', 'Dictionary', 'Spelling Suggestion', 'Multiple-Term Query', 'Postings Hits', 'Algorithm', 'Collection', 'Phonetic Similarity', 'Dynamic Programming', 'Spelling Correction Problem', 'Codewords', 'Search', 'Query String', '2-Gram', 'Query Logs', 'Biword', 'Biwords']"
iir-14.csv,"['Vector Space Classification', 'Document Representation', 'Naive Bayes', 'Terms', 'Term', 'Binary Vector', 'Text Classification', 'Vector Space Model', 'Tf-Idf Weight', 'Document Space', 'Classification Function', 'Classification Methods', 'Real-Valued Vectors', 'Classification', 'Contiguity Hypothesis', 'Documents', 'Document', 'Documents', 'Document', 'Classification Tasks', 'Weighted Representations', 'Length-Normalized Tf-Idf Representations', 'Knn', 'Vector Space', 'Rocchio Classification', 'K Nearest Neighbor Classification', 'Test Document', 'Training Set', 'Text Classifiers', 'Linear Classifiers', 'Linear Decision Hyperplanes', 'Bias-Variance Tradeoff', 'Nonlinear Models', 'Linear Models', 'Training Data', 'Two-Class Classifiers', 'One-Of Tasks', 'Any-Of Tasks', 'Any-Of Problems', 'One-Of Problems', 'Stop List', 'Centroids', 'Prototypes', 'Class', 'Weighting', 'Rocchio', 'Knn Classification', 'K Nearest Neighbors']"
iir-2.4.csv,"['Positional Postings', 'Positional Posting', 'Phrase Queries', 'Phrase Query', 'Queries', 'Query', 'Postings Lists', 'Postings List', 'Ranked Retrieval', 'Biword Indexes', 'Biword Index', 'Boolean Query', 'Boolean Queries', 'Documents', 'Document', 'Part-Of-Speech-Tagging', 'Phrase Index', 'Terms', 'Term', 'Vocabulary', 'Positional Indexes', 'Positional Index', 'Token Index', 'Merge Operation', 'Document Collection', 'Next Word Index', 'Implicit Phrase Query', 'Implicit Phrase Queries', 'Web Query', 'Term Proximity Weighting', 'Biwords', 'Biword Indexing Model', 'Indexing Model', 'Tokenize', 'Tokens', 'False Positive Match', 'Biword Dictionary', 'Term Frequency', 'Inverted Index', 'K Word Proximity Searches', 'Postings Intersection', 'Positional Postings Lists', 'Search Engines', 'Search Engine', 'Query Terms', 'Index', 'Part-Of-Speech Patterns', 'Searches', 'Dictionary', 'Postings', 'Posting', 'Docid', 'Non-Positional Index', 'Compressed Positional Index', 'Collection']"
iir-13.1.csv,"['Text Classification Problem', 'Document Space', 'Class', 'Classes', 'Labels', 'High-Dimensional Space', 'Learning Method', 'Learning Algorithm', 'Classification Function', 'Classifier', 'Supervised Learning', 'Naive Bayes Learning Method', 'Naive Bayes', 'Nb Classifier', 'Nb Learning Method', 'Text Classification', 'Reuters-Rcv1 Collection', 'Training Documents', 'Test Set', 'Test Data', 'Classification Problem', 'Accuracy', 'Training Set', 'Document', 'Documents', 'Document', 'Documents', 'Categories', 'Distribution', 'Training Data']"
iir-1.4.csv,"['Boolean Retrieval Model', 'Ranked Retrieval Models', 'Free Text Queries', 'Free Text Querying', 'Documents', 'Document', 'Query', 'Querying', 'Queries', 'Boolean Operations', 'Boolean Operators', 'Boolean Expression', 'Terms', 'Term', 'Proximity Operator', 'Information Need', 'Information Needs', 'Phrase Search', 'Boolean Queries', 'Boolean Query', 'Boolean Search', 'Inverted Index', 'Dictionary', 'Postings Lists', 'Term Frequency', 'Unstructured Search', 'Boolean Model', 'Vector Space Model', 'Boolean Retrieval Models', 'Query Optimization', 'Ad Hoc Searching', 'Ranked Retrieval', 'Wildcard Query', 'Boolean Query Models', 'Recall', 'Precision', 'Query Models', 'Index Structures', 'Unstructured Information', 'Indexing']"
iir-11.2.csv,"['Probability Ranking Principle', 'Collection Of Documents', 'Query', 'Ordered List Of Documents', 'Binary Notion Of Relevance', 'Document', 'Documents', 'Collection', 'Random Variable', 'Probabilistic Model', 'Probability Of Relevance', 'Information Need', 'Nonrelevant Document', 'Relevant Document', '1/0 Loss', 'Bayes Risk', 'Prp', 'False Positives', 'False Negatives', 'Ranked Retrieval', 'Ordered List', 'Reference Retrieval System', 'Accuracy', 'Bayes Optimal Decision Rule', 'Relevance', 'Top K Documents', 'Ir', 'Loss Models', 'Utility Models']"
iir-4.1.csv,"['Index Construction', 'Inverted Index', 'Indexing', 'Indexer', 'Index', 'Indexes', 'Indexing Algorithms', 'Indexing Algorithm', 'Blocked Sort-Based Indexing', 'Static Collections', 'Single-Pass In-Memory Indexing', 'Vocabulary', 'Collections', 'Collection', 'Computer Clusters', 'Dynamic Indexing', 'Ranked Retrieval', 'Documents', 'Document', 'Local File System', 'Content Management Systems', 'Content Management System', 'Databases', 'Database', 'Information Retrieval (Ir) System', 'Ir System Design', 'Memory', 'Caching', 'Seek Time', 'Buffer', 'System Bus', 'Disk I/O', 'Ir Systems', 'Ir System', 'Single-Machine Algorithm', 'Sort-Based Indexing Algorithm', 'Enterprise Search', 'Application Programming Interfaces', 'Ir', 'Clock Cycles', 'Byte', 'Disk', 'Megabyte', 'Megabytes', 'Algorithm', 'Web Search', 'Http', 'Apis', 'Information Retrieval', 'Main Memory Caching', 'Mb', 'Blocks', 'Block', 'Main Memory', 'Decompression Algorithm', 'Gigabytes', 'Gb']"
iir-7.3.csv,"['Vector Space Scoring', 'Vector Space Score', 'Query Operators', 'Vector Space Model', 'Free Text Queries', 'Free Text Query', 'Vector Space Scoring Model', 'Queries', 'Query', 'Index', 'Indexes', 'Retrieval Methods', 'Search Engine', 'Documents', 'Document', 'Boolean Queries', 'Wildcard Queries', 'Phrase Queries', 'Phrase Query', 'Query Terms', 'Retrieved Document', 'Web Search Engines', 'Boolean Retrieval', 'Term', 'Terms', 'Document Vector', 'Boolean Index', 'Evidence Accumulation', 'Postings', 'Dictionary', 'Biword', 'Biwords', 'Idf', 'Phrase Retrieval', 'Query Operator Interaction', 'Free Text Retrieval', 'Conjunctive Query', 'Vector Space Index', 'P-Norms', 'Vector Space Retrieval', 'Boolean', 'Vector Space', 'Vector Space Queries', 'Vector Space Query', 'Wildcard Operator', 'Query Vector', 'Retrieval Algorithms', 'Query Parsing']"
